ResponseId,ID,Attention,MindWandering,NoMultitasking,Race,Gender,MetacogAccOutOfTen,MetaCogHowLongToStudy,PriorExposureLearning,PriorExposureContiguity,Cond,TotalCompQuestionScore,objTotal,SpTotal,VerbTotal,MobjTotal,MSpTotal,MVerbTotal,MTotalCompQuestionScore,SDobjTotal,SDSpTotal,SDVerbTotal,SDTotalCompQuestionScore,ObjCen,SpCen,VerbCen,ObjCenter,SpCenter,VerbCenter,CompCenter
R_1BP12PoJ9P568Sk,15,3,,3,White /European American,Man,4,30,0,0,Conceptual,4,68,29,34,54.5019305,34.16602317,24.24710425,7.791505792,9.57320814,9.037360226,7.646295482,2.681216108,13.4980695,-5.166023166,9.752895753,1.409983916,-0.571629661,1.275505998,-1.414099289
R_blxuv8fYfqtGrJv,19,7,2,7,White /European American,Woman,6,5,0,0,Conceptual,12,64,35,20,54.5019305,34.16602317,24.24710425,7.791505792,9.57320814,9.037360226,7.646295482,2.681216108,9.498069498,0.833976834,-4.247104247,0.992151153,0.092281022,-0.555446001,1.56962141
R_3JlWdFNxD1GfeQa,21,2,7,4,White /European American,Man,6,10,0,1,Conceptual,4,70,34,34,54.5019305,34.16602317,24.24710425,7.791505792,9.57320814,9.037360226,7.646295482,2.681216108,15.4980695,-0.166023166,9.752895753,1.618900297,-0.018370759,1.275505998,-1.414099289
R_3eeOUmotMh7wkAp,22,6,3,6,White /European American,Woman,8,60,0,0,Conceptual,13,45,41,30,54.5019305,34.16602317,24.24710425,7.791505792,9.57320814,9.037360226,7.646295482,2.681216108,-9.501930502,6.833976834,5.752895753,-0.992554467,0.756191705,0.752376856,1.942586498
R_2Vrpt5bbDk6cL7S,24,4,6,2,White /European American,Woman,7,10,1,0,Conceptual,9,62,30,14,54.5019305,34.16602317,24.24710425,7.791505792,9.57320814,9.037360226,7.646295482,2.681216108,7.498069498,-4.166023166,-10.24710425,0.783234772,-0.460977881,-1.340139715,0.450726148
R_2BeoB9efesntHgH,31,7,6,5,White /European American,Woman,8,35,0,1,Conceptual,7,62,38,32,54.5019305,34.16602317,24.24710425,7.791505792,9.57320814,9.037360226,7.646295482,2.681216108,7.498069498,3.833976834,7.752895753,0.783234772,0.424236363,1.013941427,-0.295204027
R_3IY62tM8OHkFWAV,34,6,3,7,White /European American,Woman,8,20,0,0,Conceptual,4,73,43,27,54.5019305,34.16602317,24.24710425,7.791505792,9.57320814,9.037360226,7.646295482,2.681216108,18.4980695,8.833976834,2.752895753,1.932274868,0.977495266,0.360029999,-1.414099289
R_2qf93nTbHV6jWef,35,6,2,3,White /European American,Woman,8,10,0,1,Conceptual,8,61,41,22,54.5019305,34.16602317,24.24710425,7.791505792,9.57320814,9.037360226,7.646295482,2.681216108,6.498069498,6.833976834,-2.247104247,0.678776582,0.756191705,-0.29388143,0.077761061
R_D1S0yFKcX2GkZoJ,38,5,5,5,Hispanic/Latino/Latina/Latinx,Woman,8,30,1,1,Conceptual,9,52,20,22,54.5019305,34.16602317,24.24710425,7.791505792,9.57320814,9.037360226,7.646295482,2.681216108,-2.501930502,-14.16602317,-2.247104247,-0.261347133,-1.567495686,-0.29388143,0.450726148
R_1f9I9XNdkpthY2v,40,3,7,2,White /European American,Woman,5,30,0,0,Conceptual,6,58,28,17,54.5019305,34.16602317,24.24710425,7.791505792,9.57320814,9.037360226,7.646295482,2.681216108,3.498069498,-6.166023166,-7.247104247,0.36540201,-0.682281442,-0.947792858,-0.668169114
R_1QgQ8xQE27G5wLN,43,2,5,7,White /European American,Woman,3,15,0,0,Conceptual,11,49,23,25,54.5019305,34.16602317,24.24710425,7.791505792,9.57320814,9.037360226,7.646295482,2.681216108,-5.501930502,-11.16602317,0.752895753,-0.574721705,-1.235540344,0.098465427,1.196656323
R_1giksm2vvSblT6F,55,3,6,4,White /European American,Man,8,30,0,1,Conceptual,5,59,44,23,54.5019305,34.16602317,24.24710425,7.791505792,9.57320814,9.037360226,7.646295482,2.681216108,4.498069498,9.833976834,-1.247104247,0.469860201,1.088147046,-0.163099144,-1.041134202
R_ZDcd3PtSoQy5tzb,56,6,4,6,White /European American,Woman,8,5,0,1,Conceptual,9,47,30,22,54.5019305,34.16602317,24.24710425,7.791505792,9.57320814,9.037360226,7.646295482,2.681216108,-7.501930502,-4.166023166,-2.247104247,-0.783638086,-0.460977881,-0.29388143,0.450726148
R_UnjlGXaymL69IVX,60,5,5,3,White /European American,Woman,6,0,1,1,Conceptual,8,53,37,21,54.5019305,34.16602317,24.24710425,7.791505792,9.57320814,9.037360226,7.646295482,2.681216108,-1.501930502,2.833976834,-3.247104247,-0.156888943,0.313584583,-0.424663715,0.077761061
R_3nfqs4iZi6jylw1,63,3,6,3,White /European American,Woman,8,30,0,1,Conceptual,10,67,38,30,54.5019305,34.16602317,24.24710425,7.791505792,9.57320814,9.037360226,7.646295482,2.681216108,12.4980695,3.833976834,5.752895753,1.305525725,0.424236363,0.752376856,0.823691236
R_tFNaiLi4WOYkwaB,66,5,5,5,White /European American,Woman,8,30,0,1,Conceptual,9,45,36,28,54.5019305,34.16602317,24.24710425,7.791505792,9.57320814,9.037360226,7.646295482,2.681216108,-9.501930502,1.833976834,3.752895753,-0.992554467,0.202932802,0.490812284,0.450726148
R_1YqheGawNfXZpwB,68,3,6,7,White /European American,Man,8,5,0,0,Conceptual,6,44,40,17,54.5019305,34.16602317,24.24710425,7.791505792,9.57320814,9.037360226,7.646295482,2.681216108,-10.5019305,5.833976834,-7.247104247,-1.097012657,0.645539924,-0.947792858,-0.668169114
R_3F5xabC4pCHonwY,72,6,2,6,White /European American,Man,8,10,0,0,Conceptual,6,55,35,27,54.5019305,34.16602317,24.24710425,7.791505792,9.57320814,9.037360226,7.646295482,2.681216108,0.498069498,0.833976834,2.752895753,0.052027439,0.092281022,0.360029999,-0.668169114
R_2AWQOYG75GviWMO,80,6,6,3,White /European American,Man,8,15,0,0,Conceptual,13,58,34,24,54.5019305,34.16602317,24.24710425,7.791505792,9.57320814,9.037360226,7.646295482,2.681216108,3.498069498,-0.166023166,-0.247104247,0.36540201,-0.018370759,-0.032316858,1.942586498
R_wRXWls9DgJhNaAF,91,4,4,4,White /European American,Woman,9,10,0,0,Conceptual,2,64,54,34,54.5019305,34.16602317,24.24710425,7.791505792,9.57320814,9.037360226,7.646295482,2.681216108,9.498069498,19.83397683,9.752895753,0.992151153,2.194664851,1.275505998,-2.160029464
R_1FxFClZOLajtM2q,96,5,4,3,Black / African American,Woman,6,10,0,0,Conceptual,9,65,25,19,54.5019305,34.16602317,24.24710425,7.791505792,9.57320814,9.037360226,7.646295482,2.681216108,10.4980695,-9.166023166,-5.247104247,1.096609344,-1.014236783,-0.686228287,0.450726148
R_29diNWLKJsRUQji,101,6,3,7,White /European American,Other (please specify),3,15,0,1,Conceptual,9,49,26,36,54.5019305,34.16602317,24.24710425,7.791505792,9.57320814,9.037360226,7.646295482,2.681216108,-5.501930502,-8.166023166,11.75289575,-0.574721705,-0.903585003,1.53707057,0.450726148
R_oYvD0e4vUJDSeeR,104,3,5,2,Hispanic/Latino/Latina/Latinx,Man,6,5,0,0,Conceptual,10,55,46,19,54.5019305,34.16602317,24.24710425,7.791505792,9.57320814,9.037360226,7.646295482,2.681216108,0.498069498,11.83397683,-5.247104247,0.052027439,1.309450607,-0.686228287,0.823691236
R_eth9co03oeAjAel,110,3,6,2,Black / African American,Woman,3,15,0,0,Conceptual,4,46,41,22,54.5019305,34.16602317,24.24710425,7.791505792,9.57320814,9.037360226,7.646295482,2.681216108,-8.501930502,6.833976834,-2.247104247,-0.888096276,0.756191705,-0.29388143,-1.414099289
R_06QuaSANLigjyXT,113,3,7,3,White /European American,Woman,7,30,1,1,Conceptual,7,42,20,35,54.5019305,34.16602317,24.24710425,7.791505792,9.57320814,9.037360226,7.646295482,2.681216108,-12.5019305,-14.16602317,10.75289575,-1.305929039,-1.567495686,1.406288284,-0.295204027
R_PuHE27fPKCTUotr,119,3,6,2,Hispanic/Latino/Latina/Latinx,Man,3,90,1,1,Conceptual,11,48,46,17,54.5019305,34.16602317,24.24710425,7.791505792,9.57320814,9.037360226,7.646295482,2.681216108,-6.501930502,11.83397683,-7.247104247,-0.679179895,1.309450607,-0.947792858,1.196656323
R_8c8whsyhJxaKytj,123,6,7,2,Hispanic/Latino/Latina/Latinx,Woman,6,10,0,1,Conceptual,11,44,25,10,54.5019305,34.16602317,24.24710425,7.791505792,9.57320814,9.037360226,7.646295482,2.681216108,-10.5019305,-9.166023166,-14.24710425,-1.097012657,-1.014236783,-1.863268857,1.196656323
R_2OVhJGxPIjgAjAH,128,6,5,3,Hispanic/Latino/Latina/Latinx,Woman,7,45,0,0,Conceptual,6,61,44,19,54.5019305,34.16602317,24.24710425,7.791505792,9.57320814,9.037360226,7.646295482,2.681216108,6.498069498,9.833976834,-5.247104247,0.678776582,1.088147046,-0.686228287,-0.668169114
R_3enz0rACyhy3ZtU,129,5,6,6,White /European American,Woman,7,20,0,0,Conceptual,11,50,42,27,54.5019305,34.16602317,24.24710425,7.791505792,9.57320814,9.037360226,7.646295482,2.681216108,-4.501930502,7.833976834,2.752895753,-0.470263514,0.866843485,0.360029999,1.196656323
R_3p6lQCnn9vD1In0,131,3,6,1,White /European American,Woman,6,10,0,1,Conceptual,4,41,30,16,54.5019305,34.16602317,24.24710425,7.791505792,9.57320814,9.037360226,7.646295482,2.681216108,-13.5019305,-4.166023166,-8.247104247,-1.410387229,-0.460977881,-1.078575143,-1.414099289
R_ZKyObK7VBkdI0fL,137,6,5,7,Black / African American,Woman,7,0,0,0,Conceptual,7,64,27,22,54.5019305,34.16602317,24.24710425,7.791505792,9.57320814,9.037360226,7.646295482,2.681216108,9.498069498,-7.166023166,-2.247104247,0.992151153,-0.792933222,-0.29388143,-0.295204027
R_1pSB9vpdzWT7TFN,138,3,6,2,Black / African American,Man,5,10,0,0,Conceptual,5,61,51,36,54.5019305,34.16602317,24.24710425,7.791505792,9.57320814,9.037360226,7.646295482,2.681216108,6.498069498,16.83397683,11.75289575,0.678776582,1.862709509,1.53707057,-1.041134202
R_2U5VVryW0rQw63m,142,6,5,7,White /European American,Man,10,5,1,1,Conceptual,9,59,36,25,54.5019305,34.16602317,24.24710425,7.791505792,9.57320814,9.037360226,7.646295482,2.681216108,4.498069498,1.833976834,0.752895753,0.469860201,0.202932802,0.098465427,0.450726148
R_pgeZlohNexRwlcl,148,2,6,7,White /European American,Woman,3,15,0,1,Conceptual,4,41,32,21,54.5019305,34.16602317,24.24710425,7.791505792,9.57320814,9.037360226,7.646295482,2.681216108,-13.5019305,-2.166023166,-3.247104247,-1.410387229,-0.23967432,-0.424663715,-1.414099289
R_2dfOUGXxAG3nMh8,151,4,4,4,White /European American,Woman,6,60,0,1,Conceptual,3,45,39,24,54.5019305,34.16602317,24.24710425,7.791505792,9.57320814,9.037360226,7.646295482,2.681216108,-9.501930502,4.833976834,-0.247104247,-0.992554467,0.534888144,-0.032316858,-1.787064376
R_331HkGMS0VqeomR,155,6,6,6,White /European American,Woman,6,10,0,1,Conceptual,8,58,21,34,54.5019305,34.16602317,24.24710425,7.791505792,9.57320814,9.037360226,7.646295482,2.681216108,3.498069498,-13.16602317,9.752895753,0.36540201,-1.456843905,1.275505998,0.077761061
R_2TTAASsS5mW5K4E,161,4,5,4,Black / African American,Woman,7,15,0,0,Conceptual,6,53,34,31,54.5019305,34.16602317,24.24710425,7.791505792,9.57320814,9.037360226,7.646295482,2.681216108,-1.501930502,-0.166023166,6.752895753,-0.156888943,-0.018370759,0.883159141,-0.668169114
R_22zXquN08oyL8Bq,164,5,5,7,White /European American,Woman,5,5,1,1,Conceptual,8,75,17,32,54.5019305,34.16602317,24.24710425,7.791505792,9.57320814,9.037360226,7.646295482,2.681216108,20.4980695,-17.16602317,7.752895753,2.141191249,-1.899451027,1.013941427,0.077761061
R_DdbLHttuVnV37eF,174,5,6,7,White /European American,Woman,7,0,0,0,Conceptual,9,50,53,11,54.5019305,34.16602317,24.24710425,7.791505792,9.57320814,9.037360226,7.646295482,2.681216108,-4.501930502,18.83397683,-13.24710425,-0.470263514,2.08401307,-1.732486572,0.450726148
R_3j25WomWoBOCFb9,178,5,5,6,White /European American,Woman,10,60,0,1,Conceptual,4,45,41,23,54.5019305,34.16602317,24.24710425,7.791505792,9.57320814,9.037360226,7.646295482,2.681216108,-9.501930502,6.833976834,-1.247104247,-0.992554467,0.756191705,-0.163099144,-1.414099289
R_1CCuF2mXsWSiCdH,182,7,5,6,White /European American,Woman,7,1,0,1,Conceptual,5,46,35,23,54.5019305,34.16602317,24.24710425,7.791505792,9.57320814,9.037360226,7.646295482,2.681216108,-8.501930502,0.833976834,-1.247104247,-0.888096276,0.092281022,-0.163099144,-1.041134202
R_2b44wX8X6Tdh8Yr,187,5,6,3,Black / African American,Woman,5,120,0,1,Conceptual,9,58,15,33,54.5019305,34.16602317,24.24710425,7.791505792,9.57320814,9.037360226,7.646295482,2.681216108,3.498069498,-19.16602317,8.752895753,0.36540201,-2.120754588,1.144723713,0.450726148
R_1QfJtrIgSgTdUmR,192,4,5,1,,Woman,2,60,0,0,Conceptual,7,70,30,32,54.5019305,34.16602317,24.24710425,7.791505792,9.57320814,9.037360226,7.646295482,2.681216108,15.4980695,-4.166023166,7.752895753,1.618900297,-0.460977881,1.013941427,-0.295204027
R_3MrgK5a3EVutc06,194,5,4,7,Biracial/Multiracial,Man,9,45,0,1,Conceptual,8,68,37,26,54.5019305,34.16602317,24.24710425,7.791505792,9.57320814,9.037360226,7.646295482,2.681216108,13.4980695,2.833976834,1.752895753,1.409983916,0.313584583,0.229247713,0.077761061
R_31XURWXVjSoCYIS,201,3,5,3,Black / African American,Woman,5,60,0,0,Conceptual,4,55,18,27,54.5019305,34.16602317,24.24710425,7.791505792,9.57320814,9.037360226,7.646295482,2.681216108,0.498069498,-16.16602317,2.752895753,0.052027439,-1.788799247,0.360029999,-1.414099289
R_1Eb3gLzegNoSncC,207,7,2,6,White /European American,Woman,8,8,1,1,Conceptual,12,63,39,18,54.5019305,34.16602317,24.24710425,7.791505792,9.57320814,9.037360226,7.646295482,2.681216108,8.498069498,4.833976834,-6.247104247,0.887692963,0.534888144,-0.817010572,1.56962141
R_1GxB90ecuxHWmeL,216,2,6,2,White /European American,Woman,7,10,0,1,Conceptual,10,63,10,26,54.5019305,34.16602317,24.24710425,7.791505792,9.57320814,9.037360226,7.646295482,2.681216108,8.498069498,-24.16602317,1.752895753,0.887692963,-2.674013491,0.229247713,0.823691236
R_1Ed0AGOIUqb1DlW,219,6,2,7,Black / African American,Woman,7,60,0,0,Conceptual,13,55,29,26,54.5019305,34.16602317,24.24710425,7.791505792,9.57320814,9.037360226,7.646295482,2.681216108,0.498069498,-5.166023166,1.752895753,0.052027439,-0.571629661,0.229247713,1.942586498
R_2awzevAWYTYMtfI,224,1,7,1,White /European American,Woman,5,30,0,1,Conceptual,11,50,36,17,54.5019305,34.16602317,24.24710425,7.791505792,9.57320814,9.037360226,7.646295482,2.681216108,-4.501930502,1.833976834,-7.247104247,-0.470263514,0.202932802,-0.947792858,1.196656323
R_OOGXAzn1A4Z8COJ,227,,,,White /European American,Woman,6,10,0,1,Conceptual,4,67,27,30,54.5019305,34.16602317,24.24710425,7.791505792,9.57320814,9.037360226,7.646295482,2.681216108,12.4980695,-7.166023166,5.752895753,1.305525725,-0.792933222,0.752376856,-1.414099289
R_33j5JxHtAeHosUb,232,6,5,2,Black / African American,Woman,8,20,0,1,Conceptual,4,57,30,27,54.5019305,34.16602317,24.24710425,7.791505792,9.57320814,9.037360226,7.646295482,2.681216108,2.498069498,-4.166023166,2.752895753,0.26094382,-0.460977881,0.360029999,-1.414099289
R_2scOmBib3e8xUUp,240,3,5,7,White /European American,Woman,7,30,0,0,Conceptual,10,41,23,17,54.5019305,34.16602317,24.24710425,7.791505792,9.57320814,9.037360226,7.646295482,2.681216108,-13.5019305,-11.16602317,-7.247104247,-1.410387229,-1.235540344,-0.947792858,0.823691236
R_10HMx7kCfPRl0Yz,245,4,5,3,Hispanic/Latino/Latina/Latinx,Woman,6,10,0,0,Conceptual,13,56,21,15,54.5019305,34.16602317,24.24710425,7.791505792,9.57320814,9.037360226,7.646295482,2.681216108,1.498069498,-13.16602317,-9.247104247,0.156485629,-1.456843905,-1.209357429,1.942586498
R_38kwgd2T5XLzVXb,246,5,4,3,Hispanic/Latino/Latina/Latinx,Man,7,30,0,0,Conceptual,8,57,39,37,54.5019305,34.16602317,24.24710425,7.791505792,9.57320814,9.037360226,7.646295482,2.681216108,2.498069498,4.833976834,12.75289575,0.26094382,0.534888144,1.667852855,0.077761061
R_1qgiEiA4A4ePOjl,255,2,7,2,White /European American,Man,2,20,0,0,Conceptual,6,58,25,36,54.5019305,34.16602317,24.24710425,7.791505792,9.57320814,9.037360226,7.646295482,2.681216108,3.498069498,-9.166023166,11.75289575,0.36540201,-1.014236783,1.53707057,-0.668169114
R_xDtIpOMlVM3vgC5,258,3,5,3,Hispanic/Latino/Latina/Latinx,Woman,8,30,1,0,Conceptual,5,62,28,28,54.5019305,34.16602317,24.24710425,7.791505792,9.57320814,9.037360226,7.646295482,2.681216108,7.498069498,-6.166023166,3.752895753,0.783234772,-0.682281442,0.490812284,-1.041134202
R_2sSiXnWW3aZK0Pe,261,6,4,6,Hispanic/Latino/Latina/Latinx,Man,5,90,0,1,Conceptual,8,51,34,24,54.5019305,34.16602317,24.24710425,7.791505792,9.57320814,9.037360226,7.646295482,2.681216108,-3.501930502,-0.166023166,-0.247104247,-0.365805324,-0.018370759,-0.032316858,0.077761061
R_1FrgStWprgOfvnR,264,7,2,7,White /European American,Man,9,20,0,1,Conceptual,11,63,31,40,54.5019305,34.16602317,24.24710425,7.791505792,9.57320814,9.037360226,7.646295482,2.681216108,8.498069498,-3.166023166,15.75289575,0.887692963,-0.3503261,2.060199712,1.196656323
R_2rHO8kTbsOE7L2g,269,6,5,7,Native American / American Indian,Woman,7,10,0,1,Conceptual,8,68,36,16,54.5019305,34.16602317,24.24710425,7.791505792,9.57320814,9.037360226,7.646295482,2.681216108,13.4980695,1.833976834,-8.247104247,1.409983916,0.202932802,-1.078575143,0.077761061
R_23Uz6GdDSGPPk52,272,6,2,7,White /European American,Man,8,30,0,0,Conceptual,10,40,43,19,54.5019305,34.16602317,24.24710425,7.791505792,9.57320814,9.037360226,7.646295482,2.681216108,-14.5019305,8.833976834,-5.247104247,-1.51484542,0.977495266,-0.686228287,0.823691236
R_1dawsciNph1Mk0m,278,3,6,3,Black / African American,Woman,7,30,0,1,Conceptual,5,69,34,31,54.5019305,34.16602317,24.24710425,7.791505792,9.57320814,9.037360226,7.646295482,2.681216108,14.4980695,-0.166023166,6.752895753,1.514442106,-0.018370759,0.883159141,-1.041134202
R_3CPZKggUeDz0Y5R,281,3,6,3,White /European American,Woman,5,15,0,0,Conceptual,8,41,27,27,54.5019305,34.16602317,24.24710425,7.791505792,9.57320814,9.037360226,7.646295482,2.681216108,-13.5019305,-7.166023166,2.752895753,-1.410387229,-0.792933222,0.360029999,0.077761061
R_1lnwDbOGwyUnoDr,284,6,6,5,Hispanic/Latino/Latina/Latinx,Woman,6,10,0,1,Conceptual,6,55,37,16,54.5019305,34.16602317,24.24710425,7.791505792,9.57320814,9.037360226,7.646295482,2.681216108,0.498069498,2.833976834,-8.247104247,0.052027439,0.313584583,-1.078575143,-0.668169114
R_1mhmfEKWDt9LvJl,285,3,6,2,White /European American,Woman,3,15,0,0,Conceptual,9,43,22,18,54.5019305,34.16602317,24.24710425,7.791505792,9.57320814,9.037360226,7.646295482,2.681216108,-11.5019305,-12.16602317,-6.247104247,-1.201470848,-1.346192125,-0.817010572,0.450726148
R_3KHNFFf4dbwu6fS,291,6,5,1,White /European American,Woman,8,10,0,0,Conceptual,10,66,23,14,54.5019305,34.16602317,24.24710425,7.791505792,9.57320814,9.037360226,7.646295482,2.681216108,11.4980695,-11.16602317,-10.24710425,1.201067535,-1.235540344,-1.340139715,0.823691236
R_10MLdYaIHrAKFf7,294,7,2,7,White /European American,Man,9,10,0,0,Conceptual,12,51,36,26,54.5019305,34.16602317,24.24710425,7.791505792,9.57320814,9.037360226,7.646295482,2.681216108,-3.501930502,1.833976834,1.752895753,-0.365805324,0.202932802,0.229247713,1.56962141
R_2652indxdz1d36u,297,6,1,7,White /European American,Man,8,5,0,1,Conceptual,11,51,38,27,54.5019305,34.16602317,24.24710425,7.791505792,9.57320814,9.037360226,7.646295482,2.681216108,-3.501930502,3.833976834,2.752895753,-0.365805324,0.424236363,0.360029999,1.196656323
R_2aayQTSA1goKIg9,298,6,5,6,White /European American,Man,8,6,0,0,Conceptual,10,61,28,39,54.5019305,34.16602317,24.24710425,7.791505792,9.57320814,9.037360226,7.646295482,2.681216108,6.498069498,-6.166023166,14.75289575,0.678776582,-0.682281442,1.929417427,0.823691236
R_1ps6LLza6TtMQ1R,302,5,5,2,White /European American,Woman,6,0,0,1,Conceptual,11,52,28,10,54.5019305,34.16602317,24.24710425,7.791505792,9.57320814,9.037360226,7.646295482,2.681216108,-2.501930502,-6.166023166,-14.24710425,-0.261347133,-0.682281442,-1.863268857,1.196656323
R_30iecFnytXVMYNa,304,5,6,2,Hispanic/Latino/Latina/Latinx,Woman,9,5,0,0,Conceptual,3,41,29,26,54.5019305,34.16602317,24.24710425,7.791505792,9.57320814,9.037360226,7.646295482,2.681216108,-13.5019305,-5.166023166,1.752895753,-1.410387229,-0.571629661,0.229247713,-1.787064376
R_1cTCTWYPS6xyKbK,307,5,5,2,White /European American,Woman,5,3,0,0,Conceptual,7,57,30,34,54.5019305,34.16602317,24.24710425,7.791505792,9.57320814,9.037360226,7.646295482,2.681216108,2.498069498,-4.166023166,9.752895753,0.26094382,-0.460977881,1.275505998,-0.295204027
R_wZxyhXd5nPWq4Mh,311,3,6,6,White /European American,Woman,4,30,0,0,Conceptual,10,47,26,10,54.5019305,34.16602317,24.24710425,7.791505792,9.57320814,9.037360226,7.646295482,2.681216108,-7.501930502,-8.166023166,-14.24710425,-0.783638086,-0.903585003,-1.863268857,0.823691236
R_12QeYBDM2cFcGgw,313,5,4,3,Black / African American,Woman,8,45,0,1,Conceptual,7,69,42,33,54.5019305,34.16602317,24.24710425,7.791505792,9.57320814,9.037360226,7.646295482,2.681216108,14.4980695,7.833976834,8.752895753,1.514442106,0.866843485,1.144723713,-0.295204027
R_29czquts3O0O5Y2,316,7,7,7,White /European American,Woman,7,15,0,0,Conceptual,7,44,24,14,54.5019305,34.16602317,24.24710425,7.791505792,9.57320814,9.037360226,7.646295482,2.681216108,-10.5019305,-10.16602317,-10.24710425,-1.097012657,-1.124888564,-1.340139715,-0.295204027
R_1gSeIrIzixvnCEK,318,6,3,7,Native American / American Indian,Woman,8,15,0,0,Conceptual,10,46,30,31,54.5019305,34.16602317,24.24710425,7.791505792,9.57320814,9.037360226,7.646295482,2.681216108,-8.501930502,-4.166023166,6.752895753,-0.888096276,-0.460977881,0.883159141,0.823691236
R_3Jg6ClaM29sloYB,322,5,7,6,Hispanic/Latino/Latina/Latinx,Woman,6,40,0,1,Conceptual,8,57,25,13,54.5019305,34.16602317,24.24710425,7.791505792,9.57320814,9.037360226,7.646295482,2.681216108,2.498069498,-9.166023166,-11.24710425,0.26094382,-1.014236783,-1.470922,0.077761061
R_3LZtVaYa7X0RpKs,323,6,3,7,White /European American,Woman,8,30,0,0,Conceptual,9,23,39,21,54.5019305,34.16602317,24.24710425,7.791505792,9.57320814,9.037360226,7.646295482,2.681216108,-31.5019305,4.833976834,-3.247104247,-3.290634659,0.534888144,-0.424663715,0.450726148
R_8BmNnGOlON8ROZH,326,3,7,5,White /European American,Woman,5,30,0,1,Conceptual,4,68,50,19,54.5019305,34.16602317,24.24710425,7.791505792,9.57320814,9.037360226,7.646295482,2.681216108,13.4980695,15.83397683,-5.247104247,1.409983916,1.752057729,-0.686228287,-1.414099289
R_3HvJo5qRcdIvsFN,334,6,5,3,Hispanic/Latino/Latina/Latinx,Woman,6,5,0,0,Conceptual,10,49,48,17,54.5019305,34.16602317,24.24710425,7.791505792,9.57320814,9.037360226,7.646295482,2.681216108,-5.501930502,13.83397683,-7.247104247,-0.574721705,1.530754168,-0.947792858,0.823691236
R_1jiBg0Dd6kI5HKt,335,6,6,6,Black / African American,Man,8,30,1,1,Conceptual,8,49,43,23,54.5019305,34.16602317,24.24710425,7.791505792,9.57320814,9.037360226,7.646295482,2.681216108,-5.501930502,8.833976834,-1.247104247,-0.574721705,0.977495266,-0.163099144,0.077761061
R_1psAFizm34QCj9a,337,3,,,White /European American,Woman,7,80,0,1,Conceptual,10,73,24,16,54.5019305,34.16602317,24.24710425,7.791505792,9.57320814,9.037360226,7.646295482,2.681216108,18.4980695,-10.16602317,-8.247104247,1.932274868,-1.124888564,-1.078575143,0.823691236
R_qF8UetiWPAD6PxD,340,4,6,2,White /European American,Woman,7,30,0,0,Conceptual,8,52,20,33,54.5019305,34.16602317,24.24710425,7.791505792,9.57320814,9.037360226,7.646295482,2.681216108,-2.501930502,-14.16602317,8.752895753,-0.261347133,-1.567495686,1.144723713,0.077761061
R_sAlAE9Xqquhw5eF,347,3,5,3,White /European American,Woman,8,5,0,1,Conceptual,5,61,46,28,54.5019305,34.16602317,24.24710425,7.791505792,9.57320814,9.037360226,7.646295482,2.681216108,6.498069498,11.83397683,3.752895753,0.678776582,1.309450607,0.490812284,-1.041134202
R_3eg0mvdUnwL7uJD,1,5,6,3,White /European American,Woman,8,45,0,0,Image,13,59,33,11,54.5019305,34.16602317,24.24710425,7.791505792,9.57320814,9.037360226,7.646295482,2.681216108,4.498069498,-1.166023166,-13.24710425,0.469860201,-0.129022539,-1.732486572,1.942586498
R_2ea3Msqh8ytnwbN,4,2,7,7,White /European American,Woman,7,10,0,1,Image,12,46,32,9,54.5019305,34.16602317,24.24710425,7.791505792,9.57320814,9.037360226,7.646295482,2.681216108,-8.501930502,-2.166023166,-15.24710425,-0.888096276,-0.23967432,-1.994051143,1.56962141
R_2zPbnoYazLsjb2b,7,2,7,5,Hispanic/Latino/Latina/Latinx,Woman,8,10,0,0,Image,9,46,33,23,54.5019305,34.16602317,24.24710425,7.791505792,9.57320814,9.037360226,7.646295482,2.681216108,-8.501930502,-1.166023166,-1.247104247,-0.888096276,-0.129022539,-0.163099144,0.450726148
R_24NVHgo7YXflItd,10,5,4,2,White /European American,Woman,8,15,0,1,Image,7,44,26,24,54.5019305,34.16602317,24.24710425,7.791505792,9.57320814,9.037360226,7.646295482,2.681216108,-10.5019305,-8.166023166,-0.247104247,-1.097012657,-0.903585003,-0.032316858,-0.295204027
R_0NZgG6GAfJjnsid,14,6,3,6,White /European American,Man,8,15,0,0,Image,9,48,44,37,54.5019305,34.16602317,24.24710425,7.791505792,9.57320814,9.037360226,7.646295482,2.681216108,-6.501930502,9.833976834,12.75289575,-0.679179895,1.088147046,1.667852855,0.450726148
R_zVjWnskhoq0MDFD,16,5,5,3,White /European American,Woman,6,30,0,1,Image,6,54,34,18,54.5019305,34.16602317,24.24710425,7.791505792,9.57320814,9.037360226,7.646295482,2.681216108,-0.501930502,-0.166023166,-6.247104247,-0.052430752,-0.018370759,-0.817010572,-0.668169114
R_1IodgQQI5Obh2c2,17,5,6,7,White /European American,Woman,7,20,1,0,Image,11,64,30,36,54.5019305,34.16602317,24.24710425,7.791505792,9.57320814,9.037360226,7.646295482,2.681216108,9.498069498,-4.166023166,11.75289575,0.992151153,-0.460977881,1.53707057,1.196656323
R_1f3NetabTfdXd8P,20,6,2,5,White /European American,Woman,8,60,0,0,Image,11,54,31,16,54.5019305,34.16602317,24.24710425,7.791505792,9.57320814,9.037360226,7.646295482,2.681216108,-0.501930502,-3.166023166,-8.247104247,-0.052430752,-0.3503261,-1.078575143,1.196656323
R_2UWxkDI7VDRI3n7,25,3,6,2,White /European American,Woman,5,20,0,1,Image,7,51,37,19,54.5019305,34.16602317,24.24710425,7.791505792,9.57320814,9.037360226,7.646295482,2.681216108,-3.501930502,2.833976834,-5.247104247,-0.365805324,0.313584583,-0.686228287,-0.295204027
R_2EHsLFVEHClsuhJ,28,4,4,4,White /European American,Woman,4,1,0,0,Image,5,45,39,23,54.5019305,34.16602317,24.24710425,7.791505792,9.57320814,9.037360226,7.646295482,2.681216108,-9.501930502,4.833976834,-1.247104247,-0.992554467,0.534888144,-0.163099144,-1.041134202
R_2BeSfcQ3jzAi9Ap,30,4,4,4,White /European American,Man,5,10,0,1,Image,6,56,49,29,54.5019305,34.16602317,24.24710425,7.791505792,9.57320814,9.037360226,7.646295482,2.681216108,1.498069498,14.83397683,4.752895753,0.156485629,1.641405948,0.62159457,-0.668169114
R_3G8kNpsl9mNBRVk,33,1,1,1,White /European American,Woman,4,60,0,0,Image,7,75,9,40,54.5019305,34.16602317,24.24710425,7.791505792,9.57320814,9.037360226,7.646295482,2.681216108,20.4980695,-25.16602317,15.75289575,2.141191249,-2.784665271,2.060199712,-0.295204027
R_2qrwdajc7qxy135,37,5,6,7,White /European American,Man,7,25,1,0,Image,9,64,51,30,54.5019305,34.16602317,24.24710425,7.791505792,9.57320814,9.037360226,7.646295482,2.681216108,9.498069498,16.83397683,5.752895753,0.992151153,1.862709509,0.752376856,0.450726148
R_3QJoJxgybJ6zzQa,42,5,5,4,Black / African American,Woman,7,30,0,1,Image,5,41,36,33,54.5019305,34.16602317,24.24710425,7.791505792,9.57320814,9.037360226,7.646295482,2.681216108,-13.5019305,1.833976834,8.752895753,-1.410387229,0.202932802,1.144723713,-1.041134202
R_2wvICpAQYheeN5a,46,6,6,3,White /European American,Man,6,60,0,1,Image,7,44,33,15,54.5019305,34.16602317,24.24710425,7.791505792,9.57320814,9.037360226,7.646295482,2.681216108,-10.5019305,-1.166023166,-9.247104247,-1.097012657,-0.129022539,-1.209357429,-0.295204027
R_1lAD597oY5mvKNM,48,5,5,2,White /European American,Woman,8,30,0,0,Image,12,35,27,24,54.5019305,34.16602317,24.24710425,7.791505792,9.57320814,9.037360226,7.646295482,2.681216108,-19.5019305,-7.166023166,-0.247104247,-2.037136372,-0.792933222,-0.032316858,1.56962141
R_xAefmsRXkXGRIYx,51,3,6,6,White /European American,Woman,5,60,0,0,Image,12,48,32,27,54.5019305,34.16602317,24.24710425,7.791505792,9.57320814,9.037360226,7.646295482,2.681216108,-6.501930502,-2.166023166,2.752895753,-0.679179895,-0.23967432,0.360029999,1.56962141
R_qK1Xkh20QoAmsa5,53,5,5,7,White /European American,Woman,7,60,0,1,Image,7,49,34,21,54.5019305,34.16602317,24.24710425,7.791505792,9.57320814,9.037360226,7.646295482,2.681216108,-5.501930502,-0.166023166,-3.247104247,-0.574721705,-0.018370759,-0.424663715,-0.295204027
R_2z5YUOcaUd0CnNj,59,5,5,4,White /European American,Woman,8,30,0,1,Image,3,52,39,21,54.5019305,34.16602317,24.24710425,7.791505792,9.57320814,9.037360226,7.646295482,2.681216108,-2.501930502,4.833976834,-3.247104247,-0.261347133,0.534888144,-0.424663715,-1.787064376
R_3EmZ1TKvFQgWmfA,64,7,2,6,White /European American,Man,9,60,1,0,Image,7,64,53,29,54.5019305,34.16602317,24.24710425,7.791505792,9.57320814,9.037360226,7.646295482,2.681216108,9.498069498,18.83397683,4.752895753,0.992151153,2.08401307,0.62159457,-0.295204027
R_1JY1Ko7KgVLwEZd,65,5,6,1,White /European American,Woman,6,15,0,1,Image,7,53,38,34,54.5019305,34.16602317,24.24710425,7.791505792,9.57320814,9.037360226,7.646295482,2.681216108,-1.501930502,3.833976834,9.752895753,-0.156888943,0.424236363,1.275505998,-0.295204027
R_3stt0buf92cHPx5,71,5,5,7,White /European American,Woman,6,5,0,1,Image,9,60,34,17,54.5019305,34.16602317,24.24710425,7.791505792,9.57320814,9.037360226,7.646295482,2.681216108,5.498069498,-0.166023166,-7.247104247,0.574318391,-0.018370759,-0.947792858,0.450726148
R_2qrg3gaTMu7iI5B,83,6,7,6,Biracial/Multiracial,Woman,7,0,1,1,Image,6,53,18,31,54.5019305,34.16602317,24.24710425,7.791505792,9.57320814,9.037360226,7.646295482,2.681216108,-1.501930502,-16.16602317,6.752895753,-0.156888943,-1.788799247,0.883159141,-0.668169114
R_2D2pW5C3xkRWM9u,92,7,6,7,White /European American,Woman,8,60,0,0,Image,10,54,35,23,54.5019305,34.16602317,24.24710425,7.791505792,9.57320814,9.037360226,7.646295482,2.681216108,-0.501930502,0.833976834,-1.247104247,-0.052430752,0.092281022,-0.163099144,0.823691236
R_2CKCGrAiy3m8XEF,95,5,7,2,Black / African American,Woman,5,10,0,1,Image,6,61,27,15,54.5019305,34.16602317,24.24710425,7.791505792,9.57320814,9.037360226,7.646295482,2.681216108,6.498069498,-7.166023166,-9.247104247,0.678776582,-0.792933222,-1.209357429,-0.668169114
R_2ByB8jz9B6b8DVz,99,2,7,1,Hispanic/Latino/Latina/Latinx,Woman,5,60,0,0,Image,4,41,21,19,54.5019305,34.16602317,24.24710425,7.791505792,9.57320814,9.037360226,7.646295482,2.681216108,-13.5019305,-13.16602317,-5.247104247,-1.410387229,-1.456843905,-0.686228287,-1.414099289
R_1GPItkPpfe9CRTF,103,3,5,6,Hispanic/Latino/Latina/Latinx,Man,5,5,0,0,Image,5,45,38,23,54.5019305,34.16602317,24.24710425,7.791505792,9.57320814,9.037360226,7.646295482,2.681216108,-9.501930502,3.833976834,-1.247104247,-0.992554467,0.424236363,-0.163099144,-1.041134202
R_1P5bsrK51uSIjff,107,1,7,1,White /European American,Woman,0,45,0,0,Image,2,58,33,32,54.5019305,34.16602317,24.24710425,7.791505792,9.57320814,9.037360226,7.646295482,2.681216108,3.498069498,-1.166023166,7.752895753,0.36540201,-0.129022539,1.013941427,-2.160029464
R_3kctJL37tIpMfSb,111,2,6,2,White /European American,Woman,6,45,0,0,Image,6,48,33,11,54.5019305,34.16602317,24.24710425,7.791505792,9.57320814,9.037360226,7.646295482,2.681216108,-6.501930502,-1.166023166,-13.24710425,-0.679179895,-0.129022539,-1.732486572,-0.668169114
R_3jTirAmtRGHH6DE,114,5,5,3,Asian /South Pacific Islander,Man,7,30,0,0,Image,4,65,47,15,54.5019305,34.16602317,24.24710425,7.791505792,9.57320814,9.037360226,7.646295482,2.681216108,10.4980695,12.83397683,-9.247104247,1.096609344,1.420102387,-1.209357429,-1.414099289
R_33lu96pOdBF7TM5,117,1,2,6,White /European American,Woman,9,10,0,0,Image,14,49,32,17,54.5019305,34.16602317,24.24710425,7.791505792,9.57320814,9.037360226,7.646295482,2.681216108,-5.501930502,-2.166023166,-7.247104247,-0.574721705,-0.23967432,-0.947792858,2.315551585
R_1I5ETj0w19xRWHQ,124,7,5,3,Hispanic/Latino/Latina/Latinx,Woman,6,60,0,0,Image,10,58,31,31,54.5019305,34.16602317,24.24710425,7.791505792,9.57320814,9.037360226,7.646295482,2.681216108,3.498069498,-3.166023166,6.752895753,0.36540201,-0.3503261,0.883159141,0.823691236
R_2uQIioAk10Gfo7w,126,5,5,7,Central Asian /Indian /Pakistani,Woman,6,30,1,1,Image,6,60,26,27,54.5019305,34.16602317,24.24710425,7.791505792,9.57320814,9.037360226,7.646295482,2.681216108,5.498069498,-8.166023166,2.752895753,0.574318391,-0.903585003,0.360029999,-0.668169114
R_1hWrDpMesm9guYN,133,3,3,3,White /European American,Woman,2,10,0,0,Image,5,55,39,27,54.5019305,34.16602317,24.24710425,7.791505792,9.57320814,9.037360226,7.646295482,2.681216108,0.498069498,4.833976834,2.752895753,0.052027439,0.534888144,0.360029999,-1.041134202
R_3lKtL5taBe6Yjmn,135,2,7,2,Hispanic/Latino/Latina/Latinx,Woman,5,25,0,1,Image,5,72,30,28,54.5019305,34.16602317,24.24710425,7.791505792,9.57320814,9.037360226,7.646295482,2.681216108,17.4980695,-4.166023166,3.752895753,1.827816678,-0.460977881,0.490812284,-1.041134202
R_3egdqwFXTCKdYsw,139,3,4,1,Biracial/Multiracial,Woman,5,65,0,1,Image,5,53,24,27,54.5019305,34.16602317,24.24710425,7.791505792,9.57320814,9.037360226,7.646295482,2.681216108,-1.501930502,-10.16602317,2.752895753,-0.156888943,-1.124888564,0.360029999,-1.041134202
R_oZGnatP2OAHtWAp,141,2,5,3,Black / African American,Woman,5,10,1,1,Image,5,46,39,22,54.5019305,34.16602317,24.24710425,7.791505792,9.57320814,9.037360226,7.646295482,2.681216108,-8.501930502,4.833976834,-2.247104247,-0.888096276,0.534888144,-0.29388143,-1.041134202
R_vTTC2XT7oHQuziF,144,5,6,3,White /European American,Woman,6,20,0,0,Image,10,56,19,29,54.5019305,34.16602317,24.24710425,7.791505792,9.57320814,9.037360226,7.646295482,2.681216108,1.498069498,-15.16602317,4.752895753,0.156485629,-1.678147466,0.62159457,0.823691236
R_1mjRFCEQFmfelko,149,2,7,5,Black / African American,Woman,4,10,0,1,Image,9,46,34,12,54.5019305,34.16602317,24.24710425,7.791505792,9.57320814,9.037360226,7.646295482,2.681216108,-8.501930502,-0.166023166,-12.24710425,-0.888096276,-0.018370759,-1.601704286,0.450726148
R_25sYixnX17UsJtH,152,6,3,6,White /European American,Woman,6,15,0,1,Image,8,41,32,15,54.5019305,34.16602317,24.24710425,7.791505792,9.57320814,9.037360226,7.646295482,2.681216108,-13.5019305,-2.166023166,-9.247104247,-1.410387229,-0.23967432,-1.209357429,0.077761061
R_1eRVYrUmj9ij7tY,159,5,5,3,Black / African American,Woman,5,30,0,1,Image,5,44,38,28,54.5019305,34.16602317,24.24710425,7.791505792,9.57320814,9.037360226,7.646295482,2.681216108,-10.5019305,3.833976834,3.752895753,-1.097012657,0.424236363,0.490812284,-1.041134202
R_1CqMxCpoduU2QET,163,5,5,6,Black / African American,Woman,5,30,0,0,Image,10,65,33,18,54.5019305,34.16602317,24.24710425,7.791505792,9.57320814,9.037360226,7.646295482,2.681216108,10.4980695,-1.166023166,-6.247104247,1.096609344,-0.129022539,-0.817010572,0.823691236
R_1GVb2CVJdrtsbm0,166,5,5,6,White /European American,Woman,7,45,0,0,Image,9,56,32,30,54.5019305,34.16602317,24.24710425,7.791505792,9.57320814,9.037360226,7.646295482,2.681216108,1.498069498,-2.166023166,5.752895753,0.156485629,-0.23967432,0.752376856,0.450726148
R_30tKXRct64l4HvY,171,6,2,6,White /European American,Man,8,10,0,0,Image,14,37,39,32,54.5019305,34.16602317,24.24710425,7.791505792,9.57320814,9.037360226,7.646295482,2.681216108,-17.5019305,4.833976834,7.752895753,-1.828219991,0.534888144,1.013941427,2.315551585
R_3JrW05aC2Pr8UO2,177,5,5,5,Black / African American,Woman,8,20,0,1,Image,6,51,28,24,54.5019305,34.16602317,24.24710425,7.791505792,9.57320814,9.037360226,7.646295482,2.681216108,-3.501930502,-6.166023166,-0.247104247,-0.365805324,-0.682281442,-0.032316858,-0.668169114
R_3L8gF0D157VSeGn,181,7,5,1,Black / African American,Man,8,5,0,0,Image,11,64,30,21,54.5019305,34.16602317,24.24710425,7.791505792,9.57320814,9.037360226,7.646295482,2.681216108,9.498069498,-4.166023166,-3.247104247,0.992151153,-0.460977881,-0.424663715,1.196656323
R_79iUNeQ5CfqZeH7,184,7,3,6,White /European American,Man,7,30,1,1,Image,10,49,57,16,54.5019305,34.16602317,24.24710425,7.791505792,9.57320814,9.037360226,7.646295482,2.681216108,-5.501930502,22.83397683,-8.247104247,-0.574721705,2.526620192,-1.078575143,0.823691236
R_2U6pwkf6jct0z3D,189,6,5,7,Hispanic/Latino/Latina/Latinx,Woman,8,30,0,1,Image,10,68,35,32,54.5019305,34.16602317,24.24710425,7.791505792,9.57320814,9.037360226,7.646295482,2.681216108,13.4980695,0.833976834,7.752895753,1.409983916,0.092281022,1.013941427,0.823691236
R_2Y54nzi9VidEBwO,197,4,5,6,White /European American,Woman,7,10,1,1,Image,4,58,40,32,54.5019305,34.16602317,24.24710425,7.791505792,9.57320814,9.037360226,7.646295482,2.681216108,3.498069498,5.833976834,7.752895753,0.36540201,0.645539924,1.013941427,-1.414099289
R_1riS1CwKTbqxQSt,198,5,7,5,White /European American,Woman,7,15,0,1,Image,6,66,32,29,54.5019305,34.16602317,24.24710425,7.791505792,9.57320814,9.037360226,7.646295482,2.681216108,11.4980695,-2.166023166,4.752895753,1.201067535,-0.23967432,0.62159457,-0.668169114
R_cIVBFrGHLregU9z,199,6,5,4,White /European American,Woman,6,30,0,1,Image,8,54,33,15,54.5019305,34.16602317,24.24710425,7.791505792,9.57320814,9.037360226,7.646295482,2.681216108,-0.501930502,-1.166023166,-9.247104247,-0.052430752,-0.129022539,-1.209357429,0.077761061
R_1EaJ2UKUneHJF3W,202,4,4,4,Black / African American,Woman,5,60,0,0,Image,2,58,23,28,54.5019305,34.16602317,24.24710425,7.791505792,9.57320814,9.037360226,7.646295482,2.681216108,3.498069498,-11.16602317,3.752895753,0.36540201,-1.235540344,0.490812284,-2.160029464
R_OCCgILoDO2s7SX7,203,3,,,Native American / American Indian,Woman,6,30,0,0,Image,10,51,33,9,54.5019305,34.16602317,24.24710425,7.791505792,9.57320814,9.037360226,7.646295482,2.681216108,-3.501930502,-1.166023166,-15.24710425,-0.365805324,-0.129022539,-1.994051143,0.823691236
R_2OIwd0FNizxNc3x,204,6,2,7,White /European American,Woman,8,10,0,0,Image,10,58,30,22,54.5019305,34.16602317,24.24710425,7.791505792,9.57320814,9.037360226,7.646295482,2.681216108,3.498069498,-4.166023166,-2.247104247,0.36540201,-0.460977881,-0.29388143,0.823691236
R_XzbXONxexdOOlkl,209,1,7,1,White /European American,Woman,8,0,0,0,Image,7,61,51,6,54.5019305,34.16602317,24.24710425,7.791505792,9.57320814,9.037360226,7.646295482,2.681216108,6.498069498,16.83397683,-18.24710425,0.678776582,1.862709509,-2.386398,-0.295204027
R_BJrsCfz6mVloJEt,211,7,5,5,Black / African American,Man,8,45,0,0,Image,10,62,43,21,54.5019305,34.16602317,24.24710425,7.791505792,9.57320814,9.037360226,7.646295482,2.681216108,7.498069498,8.833976834,-3.247104247,0.783234772,0.977495266,-0.424663715,0.823691236
R_1ik5OIl38tDVuYT,214,2,7,2,Hispanic/Latino/Latina/Latinx,Woman,7,60,0,0,Image,6,33,26,15,54.5019305,34.16602317,24.24710425,7.791505792,9.57320814,9.037360226,7.646295482,2.681216108,-21.5019305,-8.166023166,-9.247104247,-2.246052753,-0.903585003,-1.209357429,-0.668169114
R_2Si3l2oyJaPTJud,218,5,7,5,Black / African American,Other (please specify),2,60,0,0,Image,8,68,38,13,54.5019305,34.16602317,24.24710425,7.791505792,9.57320814,9.037360226,7.646295482,2.681216108,13.4980695,3.833976834,-11.24710425,1.409983916,0.424236363,-1.470922,0.077761061
R_pbnyH8PyFbpInct,225,6,2,7,White /European American,Woman,9,20,0,0,Image,12,59,42,33,54.5019305,34.16602317,24.24710425,7.791505792,9.57320814,9.037360226,7.646295482,2.681216108,4.498069498,7.833976834,8.752895753,0.469860201,0.866843485,1.144723713,1.56962141
R_1Nb1pWg3A58v5IQ,228,5,6,1,White /European American,Man,7,10,0,0,Image,10,59,36,31,54.5019305,34.16602317,24.24710425,7.791505792,9.57320814,9.037360226,7.646295482,2.681216108,4.498069498,1.833976834,6.752895753,0.469860201,0.202932802,0.883159141,0.823691236
R_3JEmtZ1uCqYT61K,231,2,6,6,White /European American,Woman,4,90,0,0,Image,7,39,13,17,54.5019305,34.16602317,24.24710425,7.791505792,9.57320814,9.037360226,7.646295482,2.681216108,-15.5019305,-21.16602317,-7.247104247,-1.61930361,-2.342058149,-0.947792858,-0.295204027
R_3k5oY8Muas3E9EF,234,2,6,7,White /European American,Man,6,90,0,0,Image,7,30,20,25,54.5019305,34.16602317,24.24710425,7.791505792,9.57320814,9.037360226,7.646295482,2.681216108,-24.5019305,-14.16602317,0.752895753,-2.559427325,-1.567495686,0.098465427,-0.295204027
R_3fZAINS31T6NNpx,239,5,6,7,White /European American,Woman,5,90,0,0,Image,11,43,23,23,54.5019305,34.16602317,24.24710425,7.791505792,9.57320814,9.037360226,7.646295482,2.681216108,-11.5019305,-11.16602317,-1.247104247,-1.201470848,-1.235540344,-0.163099144,1.196656323
R_Zt1N3tEnwPlL8GJ,242,2,6,2,White /European American,Woman,2,10,0,1,Image,6,45,37,24,54.5019305,34.16602317,24.24710425,7.791505792,9.57320814,9.037360226,7.646295482,2.681216108,-9.501930502,2.833976834,-0.247104247,-0.992554467,0.313584583,-0.032316858,-0.668169114
R_3NVeJyZnJPfyWSk,247,2,6,4,White /European American,Woman,5,30,0,1,Image,9,71,36,25,54.5019305,34.16602317,24.24710425,7.791505792,9.57320814,9.037360226,7.646295482,2.681216108,16.4980695,1.833976834,0.752895753,1.723358487,0.202932802,0.098465427,0.450726148
R_3PtKIWwF06YJ0SI,251,2,6,2,Black / African American,Man,6,30,1,0,Image,6,55,46,29,54.5019305,34.16602317,24.24710425,7.791505792,9.57320814,9.037360226,7.646295482,2.681216108,0.498069498,11.83397683,4.752895753,0.052027439,1.309450607,0.62159457,-0.668169114
R_3HMTplMDoav73If,253,5,6,6,Asian /South Pacific Islander,Woman,9,45,0,0,Image,5,50,34,34,54.5019305,34.16602317,24.24710425,7.791505792,9.57320814,9.037360226,7.646295482,2.681216108,-4.501930502,-0.166023166,9.752895753,-0.470263514,-0.018370759,1.275505998,-1.041134202
R_2e8cPv7mGYJbZU1,254,5,6,6,Asian /South Pacific Islander,Woman,9,45,0,0,Image,5,42,34,30,54.5019305,34.16602317,24.24710425,7.791505792,9.57320814,9.037360226,7.646295482,2.681216108,-12.5019305,-0.166023166,5.752895753,-1.305929039,-0.018370759,0.752376856,-1.041134202
R_Ua85IInLWz8gzy9,259,6,3,2,Arab/Middle Eastern,Woman,10,5,0,0,Image,7,67,31,40,54.5019305,34.16602317,24.24710425,7.791505792,9.57320814,9.037360226,7.646295482,2.681216108,12.4980695,-3.166023166,15.75289575,1.305525725,-0.3503261,2.060199712,-0.295204027
R_3DoJFIvjC5MyAKq,263,5,6,5,Black / African American,Woman,7,10,0,1,Image,6,53,28,27,54.5019305,34.16602317,24.24710425,7.791505792,9.57320814,9.037360226,7.646295482,2.681216108,-1.501930502,-6.166023166,2.752895753,-0.156888943,-0.682281442,0.360029999,-0.668169114
R_3Ibe2nfUoxZ7MkH,266,2,6,5,White /European American,Woman,6,10,0,0,Image,6,49,32,26,54.5019305,34.16602317,24.24710425,7.791505792,9.57320814,9.037360226,7.646295482,2.681216108,-5.501930502,-2.166023166,1.752895753,-0.574721705,-0.23967432,0.229247713,-0.668169114
R_6D9fqBTzBe0FF0l,268,4,2,7,White /European American,Woman,9,120,1,0,Image,7,46,27,28,54.5019305,34.16602317,24.24710425,7.791505792,9.57320814,9.037360226,7.646295482,2.681216108,-8.501930502,-7.166023166,3.752895753,-0.888096276,-0.792933222,0.490812284,-0.295204027
R_3E6z93bzvRoIaTT,279,6,4,4,Hispanic/Latino/Latina/Latinx,Man,9,30,0,0,Image,7,63,50,35,54.5019305,34.16602317,24.24710425,7.791505792,9.57320814,9.037360226,7.646295482,2.681216108,8.498069498,15.83397683,10.75289575,0.887692963,1.752057729,1.406288284,-0.295204027
R_12fJZ1eQ494uT5y,283,5,5,1,Hispanic/Latino/Latina/Latinx,Woman,5,60,0,0,Image,8,46,28,10,54.5019305,34.16602317,24.24710425,7.791505792,9.57320814,9.037360226,7.646295482,2.681216108,-8.501930502,-6.166023166,-14.24710425,-0.888096276,-0.682281442,-1.863268857,0.077761061
R_3rVb0Ht5vD1ARhy,286,5,6,3,Black / African American,Woman,,,0,0,Image,7,46,33,23,54.5019305,34.16602317,24.24710425,7.791505792,9.57320814,9.037360226,7.646295482,2.681216108,-8.501930502,-1.166023166,-1.247104247,-0.888096276,-0.129022539,-0.163099144,-0.295204027
R_3k0cQ7ENZZQ2ETi,288,6,5,6,Hispanic/Latino/Latina/Latinx,Woman,7,10,0,0,Image,5,62,55,47,54.5019305,34.16602317,24.24710425,7.791505792,9.57320814,9.037360226,7.646295482,2.681216108,7.498069498,20.83397683,22.75289575,0.783234772,2.305316631,2.975675712,-1.041134202
R_3MAmaqM1Wv0j66e,295,5,3,3,White /European American,Man,8,60,0,1,Image,11,53,35,23,54.5019305,34.16602317,24.24710425,7.791505792,9.57320814,9.037360226,7.646295482,2.681216108,-1.501930502,0.833976834,-1.247104247,-0.156888943,0.092281022,-0.163099144,1.196656323
R_22uo36HGo49GHFr,300,2,7,1,Black / African American,Man,5,1,0,0,Image,8,54,32,18,54.5019305,34.16602317,24.24710425,7.791505792,9.57320814,9.037360226,7.646295482,2.681216108,-0.501930502,-2.166023166,-6.247104247,-0.052430752,-0.23967432,-0.817010572,0.077761061
R_2E6wt6PZ90I9iJU,303,5,6,7,White /European American,Woman,8,120,0,0,Image,4,66,39,29,54.5019305,34.16602317,24.24710425,7.791505792,9.57320814,9.037360226,7.646295482,2.681216108,11.4980695,4.833976834,4.752895753,1.201067535,0.534888144,0.62159457,-1.414099289
R_1l9LzKb1m6CU8S6,306,2,7,2,Black / African American,Woman,7,15,0,0,Image,7,64,35,22,54.5019305,34.16602317,24.24710425,7.791505792,9.57320814,9.037360226,7.646295482,2.681216108,9.498069498,0.833976834,-2.247104247,0.992151153,0.092281022,-0.29388143,-0.295204027
R_3O8RMarhvTAqR4j,309,1,7,5,White /European American,Woman,4,30,0,0,Image,9,69,28,15,54.5019305,34.16602317,24.24710425,7.791505792,9.57320814,9.037360226,7.646295482,2.681216108,14.4980695,-6.166023166,-9.247104247,1.514442106,-0.682281442,-1.209357429,0.450726148
R_2TmyLdIWNc6sQDs,312,3,6,2,Hispanic/Latino/Latina/Latinx,Woman,5,60,0,0,Image,8,51,47,24,54.5019305,34.16602317,24.24710425,7.791505792,9.57320814,9.037360226,7.646295482,2.681216108,-3.501930502,12.83397683,-0.247104247,-0.365805324,1.420102387,-0.032316858,0.077761061
R_1rDFWZBeEkMWkGf,321,1,7,1,White /European American,Woman,0,0,0,0,Image,3,54,25,22,54.5019305,34.16602317,24.24710425,7.791505792,9.57320814,9.037360226,7.646295482,2.681216108,-0.501930502,-9.166023166,-2.247104247,-0.052430752,-1.014236783,-0.29388143,-1.787064376
R_OBaYCNprKyLBnDr,324,6,3,1,White /European American,Man,8,0,0,0,Image,10,61,38,25,54.5019305,34.16602317,24.24710425,7.791505792,9.57320814,9.037360226,7.646295482,2.681216108,6.498069498,3.833976834,0.752895753,0.678776582,0.424236363,0.098465427,0.823691236
R_1rexq8MFfXAzcga,325,6,5,5,Black / African American,Woman,7,20,0,1,Image,8,65,49,31,54.5019305,34.16602317,24.24710425,7.791505792,9.57320814,9.037360226,7.646295482,2.681216108,10.4980695,14.83397683,6.752895753,1.096609344,1.641405948,0.883159141,0.077761061
R_3EFhpaZuwFP2ZUL,328,2,7,2,White /European American,Woman,7,30,1,0,Image,12,62,22,27,54.5019305,34.16602317,24.24710425,7.791505792,9.57320814,9.037360226,7.646295482,2.681216108,7.498069498,-12.16602317,2.752895753,0.783234772,-1.346192125,0.360029999,1.56962141
R_2ttDdkcDLKq03SF,331,6,3,,White /European American,Man,7,30,0,0,Image,10,62,51,29,54.5019305,34.16602317,24.24710425,7.791505792,9.57320814,9.037360226,7.646295482,2.681216108,7.498069498,16.83397683,4.752895753,0.783234772,1.862709509,0.62159457,0.823691236
R_2Xp8Zk6ubzRS3mO,336,3,7,5,Biracial/Multiracial,Woman,5,30,1,1,Image,10,55,40,21,54.5019305,34.16602317,24.24710425,7.791505792,9.57320814,9.037360226,7.646295482,2.681216108,0.498069498,5.833976834,-3.247104247,0.052027439,0.645539924,-0.424663715,0.823691236
R_XvaaTiTIlO2jUNH,339,6,5,5,Hispanic/Latino/Latina/Latinx,Woman,7,30,0,0,Image,4,52,46,16,54.5019305,34.16602317,24.24710425,7.791505792,9.57320814,9.037360226,7.646295482,2.681216108,-2.501930502,11.83397683,-8.247104247,-0.261347133,1.309450607,-1.078575143,-1.414099289
R_2s1PouBssOXfPEu,345,5,6,3,White /European American,Man,6,10,0,0,Image,8,52,52,19,54.5019305,34.16602317,24.24710425,7.791505792,9.57320814,9.037360226,7.646295482,2.681216108,-2.501930502,17.83397683,-5.247104247,-0.261347133,1.97336129,-0.686228287,0.077761061
R_6RtmXFqSHtdo1Gh,346,6,3,6,White /European American,Woman,6,30,0,0,Image,12,69,28,28,54.5019305,34.16602317,24.24710425,7.791505792,9.57320814,9.037360226,7.646295482,2.681216108,14.4980695,-6.166023166,3.752895753,1.514442106,-0.682281442,0.490812284,1.56962141
R_2wdF1UBk5jtgnVM,349,6,5,7,White /European American,Woman,9,20,1,1,Image,9,63,38,32,54.5019305,34.16602317,24.24710425,7.791505792,9.57320814,9.037360226,7.646295482,2.681216108,8.498069498,3.833976834,7.752895753,0.887692963,0.424236363,1.013941427,0.450726148
R_RmIfITzkhyoMy7T,3,6,2,7,White /European American,Woman,6,15,0,0,Text,10,57,43,21,54.5019305,34.16602317,24.24710425,7.791505792,9.57320814,9.037360226,7.646295482,2.681216108,2.498069498,8.833976834,-3.247104247,0.26094382,0.977495266,-0.424663715,0.823691236
R_1ZK1OuPQE44zZAt,6,3,5,6,White /European American,Man,7,5,0,0,Text,10,48,38,31,54.5019305,34.16602317,24.24710425,7.791505792,9.57320814,9.037360226,7.646295482,2.681216108,-6.501930502,3.833976834,6.752895753,-0.679179895,0.424236363,0.883159141,0.823691236
R_1q4IMxPe9dLJuxt,8,3,7,3,White /European American,Woman,6,0,1,1,Text,8,69,36,30,54.5019305,34.16602317,24.24710425,7.791505792,9.57320814,9.037360226,7.646295482,2.681216108,14.4980695,1.833976834,5.752895753,1.514442106,0.202932802,0.752376856,0.077761061
R_07b1fIU4WpDRlwR,11,7,1,1,White /European American,Woman,10,30,0,0,Text,5,67,35,28,54.5019305,34.16602317,24.24710425,7.791505792,9.57320814,9.037360226,7.646295482,2.681216108,12.4980695,0.833976834,3.752895753,1.305525725,0.092281022,0.490812284,-1.041134202
R_1QL3qKSpXhlcDHl,18,2,5,2,White /European American,Woman,5,60,0,0,Text,7,49,37,20,54.5019305,34.16602317,24.24710425,7.791505792,9.57320814,9.037360226,7.646295482,2.681216108,-5.501930502,2.833976834,-4.247104247,-0.574721705,0.313584583,-0.555446001,-0.295204027
R_1rrj15w2XV0LsCk,23,5,5,6,Black / African American,Woman,6,90,1,1,Text,6,52,22,18,54.5019305,34.16602317,24.24710425,7.791505792,9.57320814,9.037360226,7.646295482,2.681216108,-2.501930502,-12.16602317,-6.247104247,-0.261347133,-1.346192125,-0.817010572,-0.668169114
R_1rDfHebR3JVsxXS,26,5,5,7,White /European American,Woman,8,60,0,1,Text,6,59,40,31,54.5019305,34.16602317,24.24710425,7.791505792,9.57320814,9.037360226,7.646295482,2.681216108,4.498069498,5.833976834,6.752895753,0.469860201,0.645539924,0.883159141,-0.668169114
R_cOLAZr1hxvd4JSp,27,5,6,7,Hispanic/Latino/Latina/Latinx,Man,5,30,1,0,Text,12,53,50,31,54.5019305,34.16602317,24.24710425,7.791505792,9.57320814,9.037360226,7.646295482,2.681216108,-1.501930502,15.83397683,6.752895753,-0.156888943,1.752057729,0.883159141,1.56962141
R_2zor1i1SIzcAdBb,32,6,5,7,White /European American,Man,7,30,0,0,Text,13,55,55,26,54.5019305,34.16602317,24.24710425,7.791505792,9.57320814,9.037360226,7.646295482,2.681216108,0.498069498,20.83397683,1.752895753,0.052027439,2.305316631,0.229247713,1.942586498
R_3342aNlf44MCRU7,36,5,3,7,White /European American,Woman,6,30,0,0,Text,5,47,25,24,54.5019305,34.16602317,24.24710425,7.791505792,9.57320814,9.037360226,7.646295482,2.681216108,-7.501930502,-9.166023166,-0.247104247,-0.783638086,-1.014236783,-0.032316858,-1.041134202
R_3W19kPadtuhJMNH,39,5,5,3,White /European American,Woman,6,8,0,0,Text,8,61,27,28,54.5019305,34.16602317,24.24710425,7.791505792,9.57320814,9.037360226,7.646295482,2.681216108,6.498069498,-7.166023166,3.752895753,0.678776582,-0.792933222,0.490812284,0.077761061
R_3iRu6y5xoWS0VQf,45,5,6,7,White /European American,Man,7,5,0,0,Text,8,50,34,23,54.5019305,34.16602317,24.24710425,7.791505792,9.57320814,9.037360226,7.646295482,2.681216108,-4.501930502,-0.166023166,-1.247104247,-0.470263514,-0.018370759,-0.163099144,0.077761061
R_2rIAkkGAtSG6TOy,47,6,2,7,White /European American,Woman,6,60,0,0,Text,14,56,20,17,54.5019305,34.16602317,24.24710425,7.791505792,9.57320814,9.037360226,7.646295482,2.681216108,1.498069498,-14.16602317,-7.247104247,0.156485629,-1.567495686,-0.947792858,2.315551585
R_UaWiZh5ZdDwhSGl,52,7,5,7,White /European American,Man,8,10,1,1,Text,11,53,29,27,54.5019305,34.16602317,24.24710425,7.791505792,9.57320814,9.037360226,7.646295482,2.681216108,-1.501930502,-5.166023166,2.752895753,-0.156888943,-0.571629661,0.360029999,1.196656323
R_1Q3lCmok9YiMO2I,54,7,1,7,White /European American,Woman,6,10,0,0,Text,11,57,27,18,54.5019305,34.16602317,24.24710425,7.791505792,9.57320814,9.037360226,7.646295482,2.681216108,2.498069498,-7.166023166,-6.247104247,0.26094382,-0.792933222,-0.817010572,1.196656323
R_20TlQPCO7PFZWwE,58,6,3,6,White /European American,Man,8,15,0,0,Text,11,47,38,25,54.5019305,34.16602317,24.24710425,7.791505792,9.57320814,9.037360226,7.646295482,2.681216108,-7.501930502,3.833976834,0.752895753,-0.783638086,0.424236363,0.098465427,1.196656323
R_2EhlVDK3NuPpq0p,61,5,5,5,White /European American,Man,7,10,0,1,Text,9,54,33,19,54.5019305,34.16602317,24.24710425,7.791505792,9.57320814,9.037360226,7.646295482,2.681216108,-0.501930502,-1.166023166,-5.247104247,-0.052430752,-0.129022539,-0.686228287,0.450726148
R_2rCnd0cnEZ1R97t,62,2,7,2,White /European American,Woman,4,5,1,1,Text,8,51,42,13,54.5019305,34.16602317,24.24710425,7.791505792,9.57320814,9.037360226,7.646295482,2.681216108,-3.501930502,7.833976834,-11.24710425,-0.365805324,0.866843485,-1.470922,0.077761061
R_2rSJnLnGVETOoUr,67,1,6,3,White /European American,Woman,3,10,0,1,Text,4,44,26,28,54.5019305,34.16602317,24.24710425,7.791505792,9.57320814,9.037360226,7.646295482,2.681216108,-10.5019305,-8.166023166,3.752895753,-1.097012657,-0.903585003,0.490812284,-1.414099289
R_8oc7nP2YoYXn67L,70,5,6,1,White /European American,Woman,3,10,0,0,Text,7,67,36,17,54.5019305,34.16602317,24.24710425,7.791505792,9.57320814,9.037360226,7.646295482,2.681216108,12.4980695,1.833976834,-7.247104247,1.305525725,0.202932802,-0.947792858,-0.295204027
R_p0s3NTtrJ4lph9T,81,3,3,5,White /European American,Woman,7,5,0,0,Text,6,63,33,36,54.5019305,34.16602317,24.24710425,7.791505792,9.57320814,9.037360226,7.646295482,2.681216108,8.498069498,-1.166023166,11.75289575,0.887692963,-0.129022539,1.53707057,-0.668169114
R_3QENnjcY8MtnkPH,86,6,5,6,Black / African American,Woman,7,75,0,0,Text,3,58,27,29,54.5019305,34.16602317,24.24710425,7.791505792,9.57320814,9.037360226,7.646295482,2.681216108,3.498069498,-7.166023166,4.752895753,0.36540201,-0.792933222,0.62159457,-1.787064376
R_1LS6AdSSq15cjSj,94,1,6,3,White /European American,Woman,5,10,1,1,Text,5,30,45,19,54.5019305,34.16602317,24.24710425,7.791505792,9.57320814,9.037360226,7.646295482,2.681216108,-24.5019305,10.83397683,-5.247104247,-2.559427325,1.198798827,-0.686228287,-1.041134202
R_UPDBMOD2pGGnOjD,98,3,5,7,White /European American,Woman,6,30,0,1,Text,10,60,39,33,54.5019305,34.16602317,24.24710425,7.791505792,9.57320814,9.037360226,7.646295482,2.681216108,5.498069498,4.833976834,8.752895753,0.574318391,0.534888144,1.144723713,0.823691236
R_2CPSqrjgSCAddUl,102,5,7,6,White /European American,Woman,8,5,0,1,Text,11,68,31,30,54.5019305,34.16602317,24.24710425,7.791505792,9.57320814,9.037360226,7.646295482,2.681216108,13.4980695,-3.166023166,5.752895753,1.409983916,-0.3503261,0.752376856,1.196656323
R_2zGPTKun3VnotWW,106,2,4,1,Black / African American,Woman,2,50,0,0,Text,4,45,42,24,54.5019305,34.16602317,24.24710425,7.791505792,9.57320814,9.037360226,7.646295482,2.681216108,-9.501930502,7.833976834,-0.247104247,-0.992554467,0.866843485,-0.032316858,-1.414099289
R_1q9CSkmp24ieX9m,112,5,2,6,White /European American,Woman,5,10,0,0,Text,12,38,29,20,54.5019305,34.16602317,24.24710425,7.791505792,9.57320814,9.037360226,7.646295482,2.681216108,-16.5019305,-5.166023166,-4.247104247,-1.723761801,-0.571629661,-0.555446001,1.56962141
R_PU5ZQqakFYvYuFX,115,6,4,6,Asian /South Pacific Islander,Woman,5,10,1,1,Text,6,51,39,28,54.5019305,34.16602317,24.24710425,7.791505792,9.57320814,9.037360226,7.646295482,2.681216108,-3.501930502,4.833976834,3.752895753,-0.365805324,0.534888144,0.490812284,-0.668169114
R_2XnSXnSNyINQw8h,120,4,5,5,White /European American,Woman,7,20,0,1,Text,11,63,25,23,54.5019305,34.16602317,24.24710425,7.791505792,9.57320814,9.037360226,7.646295482,2.681216108,8.498069498,-9.166023166,-1.247104247,0.887692963,-1.014236783,-0.163099144,1.196656323
R_3dQDWCL0CYgajGM,121,3,7,4,Hispanic/Latino/Latina/Latinx,Woman,4,60,0,0,Text,4,38,23,15,54.5019305,34.16602317,24.24710425,7.791505792,9.57320814,9.037360226,7.646295482,2.681216108,-16.5019305,-11.16602317,-9.247104247,-1.723761801,-1.235540344,-1.209357429,-1.414099289
R_1IlYtzqQXdbH1Un,136,3,5,6,Hispanic/Latino/Latina/Latinx,Woman,9,10,0,1,Text,6,53,36,27,54.5019305,34.16602317,24.24710425,7.791505792,9.57320814,9.037360226,7.646295482,2.681216108,-1.501930502,1.833976834,2.752895753,-0.156888943,0.202932802,0.360029999,-0.668169114
R_1f1RvOscXjGVuvP,147,5,2,5,Black / African American,Woman,8,60,1,0,Text,6,69,39,38,54.5019305,34.16602317,24.24710425,7.791505792,9.57320814,9.037360226,7.646295482,2.681216108,14.4980695,4.833976834,13.75289575,1.514442106,0.534888144,1.798635141,-0.668169114
R_eD9JQxImQzVZDHP,153,7,7,7,Black / African American,Woman,10,10,0,1,Text,4,75,65,40,54.5019305,34.16602317,24.24710425,7.791505792,9.57320814,9.037360226,7.646295482,2.681216108,20.4980695,30.83397683,15.75289575,2.141191249,3.411834436,2.060199712,-1.414099289
R_2pSi56xSYK5ECrb,160,5,6,6,White /European American,Woman,5,30,1,0,Text,9,53,39,34,54.5019305,34.16602317,24.24710425,7.791505792,9.57320814,9.037360226,7.646295482,2.681216108,-1.501930502,4.833976834,9.752895753,-0.156888943,0.534888144,1.275505998,0.450726148
R_31pzkoeHPXtFQX4,169,2,5,5,Black / African American,Man,4,20,0,1,Text,4,44,41,28,54.5019305,34.16602317,24.24710425,7.791505792,9.57320814,9.037360226,7.646295482,2.681216108,-10.5019305,6.833976834,3.752895753,-1.097012657,0.756191705,0.490812284,-1.414099289
R_2VJGj4MVVjsKGPT,170,6,6,3,White /European American,Man,7,15,0,1,Text,7,51,39,27,54.5019305,34.16602317,24.24710425,7.791505792,9.57320814,9.037360226,7.646295482,2.681216108,-3.501930502,4.833976834,2.752895753,-0.365805324,0.534888144,0.360029999,-0.295204027
R_1LOR9zYfAxIZg99,173,5,5,2,Black / African American,Woman,7,45,1,1,Text,8,59,32,21,54.5019305,34.16602317,24.24710425,7.791505792,9.57320814,9.037360226,7.646295482,2.681216108,4.498069498,-2.166023166,-3.247104247,0.469860201,-0.23967432,-0.424663715,0.077761061
R_1IFQR8UyedcsjM3,180,6,5,5,Native American / American Indian,Woman,4,60,0,0,Text,9,57,21,14,54.5019305,34.16602317,24.24710425,7.791505792,9.57320814,9.037360226,7.646295482,2.681216108,2.498069498,-13.16602317,-10.24710425,0.26094382,-1.456843905,-1.340139715,0.450726148
R_pEKaOUqXa4grW81,185,7,5,5,White /European American,Woman,8,30,0,0,Text,6,38,9,12,54.5019305,34.16602317,24.24710425,7.791505792,9.57320814,9.037360226,7.646295482,2.681216108,-16.5019305,-25.16602317,-12.24710425,-1.723761801,-2.784665271,-1.601704286,-0.668169114
R_6WMIehLJ6jRHgM9,188,7,5,6,Black / African American,Woman,8,20,1,0,Text,8,57,39,22,54.5019305,34.16602317,24.24710425,7.791505792,9.57320814,9.037360226,7.646295482,2.681216108,2.498069498,4.833976834,-2.247104247,0.26094382,0.534888144,-0.29388143,0.077761061
R_21d2k5qTV6kWN3k,190,4,5,7,White /European American,Woman,7,30,0,1,Text,8,58,38,35,54.5019305,34.16602317,24.24710425,7.791505792,9.57320814,9.037360226,7.646295482,2.681216108,3.498069498,3.833976834,10.75289575,0.36540201,0.424236363,1.406288284,0.077761061
R_1nVk771DUMYnjNT,195,5,7,7,Hispanic/Latino/Latina/Latinx,Woman,7,30,1,1,Text,6,52,31,12,54.5019305,34.16602317,24.24710425,7.791505792,9.57320814,9.037360226,7.646295482,2.681216108,-2.501930502,-3.166023166,-12.24710425,-0.261347133,-0.3503261,-1.601704286,-0.668169114
R_3L7SY313i5ULnl6,200,3,5,5,Asian /South Pacific Islander,Woman,6,30,0,0,Text,5,52,35,19,54.5019305,34.16602317,24.24710425,7.791505792,9.57320814,9.037360226,7.646295482,2.681216108,-2.501930502,0.833976834,-5.247104247,-0.261347133,0.092281022,-0.686228287,-1.041134202
R_RaF9xGOZ4iU6OgV,205,5,7,3,White /European American,Woman,7,30,0,0,Text,9,38,36,26,54.5019305,34.16602317,24.24710425,7.791505792,9.57320814,9.037360226,7.646295482,2.681216108,-16.5019305,1.833976834,1.752895753,-1.723761801,0.202932802,0.229247713,0.450726148
R_2rOr39pEhrW93xy,206,6,5,2,Black / African American,Woman,6,240,1,1,Text,5,62,42,25,54.5019305,34.16602317,24.24710425,7.791505792,9.57320814,9.037360226,7.646295482,2.681216108,7.498069498,7.833976834,0.752895753,0.783234772,0.866843485,0.098465427,-1.041134202
R_UoTsuEwJvgeqY0N,212,7,3,7,Black / African American,Man,8,45,0,0,Text,11,63,46,24,54.5019305,34.16602317,24.24710425,7.791505792,9.57320814,9.037360226,7.646295482,2.681216108,8.498069498,11.83397683,-0.247104247,0.887692963,1.309450607,-0.032316858,1.196656323
R_10o84ETkfJT9Vev,215,6,2,2,Biracial/Multiracial,Woman,7,45,0,0,Text,9,68,23,14,54.5019305,34.16602317,24.24710425,7.791505792,9.57320814,9.037360226,7.646295482,2.681216108,13.4980695,-11.16602317,-10.24710425,1.409983916,-1.235540344,-1.340139715,0.450726148
R_2X0qylb2XdovnAR,221,2,7,3,White /European American,Woman,8,30,0,1,Text,9,70,39,16,54.5019305,34.16602317,24.24710425,7.791505792,9.57320814,9.037360226,7.646295482,2.681216108,15.4980695,4.833976834,-8.247104247,1.618900297,0.534888144,-1.078575143,0.450726148
R_08MYuio9QZdCw1P,229,7,3,7,White /European American,Woman,8,30,0,0,Text,10,69,48,22,54.5019305,34.16602317,24.24710425,7.791505792,9.57320814,9.037360226,7.646295482,2.681216108,14.4980695,13.83397683,-2.247104247,1.514442106,1.530754168,-0.29388143,0.823691236
R_27w1fBDQI5duXjT,233,5,5,3,Black / African American,Woman,5,20,0,1,Text,5,55,39,29,54.5019305,34.16602317,24.24710425,7.791505792,9.57320814,9.037360226,7.646295482,2.681216108,0.498069498,4.833976834,4.752895753,0.052027439,0.534888144,0.62159457,-1.041134202
R_bvj74uaxarTEHcd,235,5,3,5,White /European American,Woman,7,20,0,0,Text,10,59,33,22,54.5019305,34.16602317,24.24710425,7.791505792,9.57320814,9.037360226,7.646295482,2.681216108,4.498069498,-1.166023166,-2.247104247,0.469860201,-0.129022539,-0.29388143,0.823691236
R_28UqmcGELoJfdoa,238,2,6,2,Hispanic/Latino/Latina/Latinx,Woman,4,30,0,0,Text,9,58,33,27,54.5019305,34.16602317,24.24710425,7.791505792,9.57320814,9.037360226,7.646295482,2.681216108,3.498069498,-1.166023166,2.752895753,0.36540201,-0.129022539,0.360029999,0.450726148
R_2tbpxQTjRqIwVR3,241,3,5,4,White /European American,Woman,7,5,0,1,Text,8,47,28,21,54.5019305,34.16602317,24.24710425,7.791505792,9.57320814,9.037360226,7.646295482,2.681216108,-7.501930502,-6.166023166,-3.247104247,-0.783638086,-0.682281442,-0.424663715,0.077761061
R_2rucLvaVOfpQDBh,244,1,7,3,White /European American,Woman,4,60,1,1,Text,9,36,31,12,54.5019305,34.16602317,24.24710425,7.791505792,9.57320814,9.037360226,7.646295482,2.681216108,-18.5019305,-3.166023166,-12.24710425,-1.932678182,-0.3503261,-1.601704286,0.450726148
R_3PtaC87sLoaW9QR,248,5,3,7,Black / African American,Woman,9,60,1,1,Text,8,55,41,25,54.5019305,34.16602317,24.24710425,7.791505792,9.57320814,9.037360226,7.646295482,2.681216108,0.498069498,6.833976834,0.752895753,0.052027439,0.756191705,0.098465427,0.077761061
R_114Pg8B3GNbBYSC,249,1,7,1,White /European American,Woman,2,20,0,0,Text,8,68,33,39,54.5019305,34.16602317,24.24710425,7.791505792,9.57320814,9.037360226,7.646295482,2.681216108,13.4980695,-1.166023166,14.75289575,1.409983916,-0.129022539,1.929417427,0.077761061
R_3nT793pDv4fySu7,252,6,5,6,White /European American,Woman,7,5,0,0,Text,9,47,25,13,54.5019305,34.16602317,24.24710425,7.791505792,9.57320814,9.037360226,7.646295482,2.681216108,-7.501930502,-9.166023166,-11.24710425,-0.783638086,-1.014236783,-1.470922,0.450726148
R_0xlkufHPKrX72SZ,256,5,6,3,Hispanic/Latino/Latina/Latinx,Woman,7,20,0,1,Text,10,63,35,27,54.5019305,34.16602317,24.24710425,7.791505792,9.57320814,9.037360226,7.646295482,2.681216108,8.498069498,0.833976834,2.752895753,0.887692963,0.092281022,0.360029999,0.823691236
R_1dHr69SObcSzoAj,257,3,7,6,Hispanic/Latino/Latina/Latinx,Woman,4,30,0,1,Text,7,52,32,22,54.5019305,34.16602317,24.24710425,7.791505792,9.57320814,9.037360226,7.646295482,2.681216108,-2.501930502,-2.166023166,-2.247104247,-0.261347133,-0.23967432,-0.29388143,-0.295204027
R_UDCzapbIEVzYpVf,260,5,2,7,White /European American,Woman,5,5,0,0,Text,9,58,39,11,54.5019305,34.16602317,24.24710425,7.791505792,9.57320814,9.037360226,7.646295482,2.681216108,3.498069498,4.833976834,-13.24710425,0.36540201,0.534888144,-1.732486572,0.450726148
R_1GZeKtLNNTC5hjk,265,2,7,4,Black / African American,Man,5,10,0,1,Text,6,56,46,31,54.5019305,34.16602317,24.24710425,7.791505792,9.57320814,9.037360226,7.646295482,2.681216108,1.498069498,11.83397683,6.752895753,0.156485629,1.309450607,0.883159141,-0.668169114
R_x3Oz7DmHHMIPRKh,267,1,7,4,Hispanic/Latino/Latina/Latinx,Man,7,5,1,1,Text,8,47,42,13,54.5019305,34.16602317,24.24710425,7.791505792,9.57320814,9.037360226,7.646295482,2.681216108,-7.501930502,7.833976834,-11.24710425,-0.783638086,0.866843485,-1.470922,0.077761061
R_3I61MAQOiQt9e0N,270,5,3,7,White /European American,Woman,8,45,0,0,Text,8,62,16,36,54.5019305,34.16602317,24.24710425,7.791505792,9.57320814,9.037360226,7.646295482,2.681216108,7.498069498,-18.16602317,11.75289575,0.783234772,-2.010102808,1.53707057,0.077761061
R_1KjtD8coOEBZcqW,274,5,5,3,Black / African American,Woman,5,3,0,1,Text,7,51,35,19,54.5019305,34.16602317,24.24710425,7.791505792,9.57320814,9.037360226,7.646295482,2.681216108,-3.501930502,0.833976834,-5.247104247,-0.365805324,0.092281022,-0.686228287,-0.295204027
R_6nD8Hzj3j9qetYB,277,4,5,6,White /European American,Woman,2,60,0,0,Text,6,52,39,19,54.5019305,34.16602317,24.24710425,7.791505792,9.57320814,9.037360226,7.646295482,2.681216108,-2.501930502,4.833976834,-5.247104247,-0.261347133,0.534888144,-0.686228287,-0.668169114
R_29b5qvAzDGS4yMt,282,6,5,2,Hispanic/Latino/Latina/Latinx,Woman,6,60,0,0,Text,6,44,27,12,54.5019305,34.16602317,24.24710425,7.791505792,9.57320814,9.037360226,7.646295482,2.681216108,-10.5019305,-7.166023166,-12.24710425,-1.097012657,-0.792933222,-1.601704286,-0.668169114
R_2q7pwyerpt3tQez,287,5,5,6,White /European American,Woman,3,30,0,1,Text,9,50,37,19,54.5019305,34.16602317,24.24710425,7.791505792,9.57320814,9.037360226,7.646295482,2.681216108,-4.501930502,2.833976834,-5.247104247,-0.470263514,0.313584583,-0.686228287,0.450726148
R_OBRh6tR7Vek8Ibn,289,5,3,6,White /European American,Woman,4,30,0,1,Text,9,54,34,17,54.5019305,34.16602317,24.24710425,7.791505792,9.57320814,9.037360226,7.646295482,2.681216108,-0.501930502,-0.166023166,-7.247104247,-0.052430752,-0.018370759,-0.947792858,0.450726148
R_0Cx4HE2fLkUH1Hr,292,3,6,6,Biracial/Multiracial,Woman,5,60,0,1,Text,5,45,16,23,54.5019305,34.16602317,24.24710425,7.791505792,9.57320814,9.037360226,7.646295482,2.681216108,-9.501930502,-18.16602317,-1.247104247,-0.992554467,-2.010102808,-0.163099144,-1.041134202
R_3KZy6GUHNDyyYza,293,1,7,2,Hispanic/Latino/Latina/Latinx,Woman,3,0,0,0,Text,8,51,40,12,54.5019305,34.16602317,24.24710425,7.791505792,9.57320814,9.037360226,7.646295482,2.681216108,-3.501930502,5.833976834,-12.24710425,-0.365805324,0.645539924,-1.601704286,0.077761061
R_3JK2uc5e8EV9uCC,299,5,7,3,White /European American,Man,8,10,0,0,Text,14,33,44,27,54.5019305,34.16602317,24.24710425,7.791505792,9.57320814,9.037360226,7.646295482,2.681216108,-21.5019305,9.833976834,2.752895753,-2.246052753,1.088147046,0.360029999,2.315551585
R_6hXbJplKpiUy8wx,301,5,4,3,Hispanic/Latino/Latina/Latinx,Woman,7,45,0,0,Text,5,36,30,23,54.5019305,34.16602317,24.24710425,7.791505792,9.57320814,9.037360226,7.646295482,2.681216108,-18.5019305,-4.166023166,-1.247104247,-1.932678182,-0.460977881,-0.163099144,-1.041134202
R_3rYTDzGInwBw0hd,305,5,6,3,White /European American,Woman,7,15,0,0,Text,4,53,29,23,54.5019305,34.16602317,24.24710425,7.791505792,9.57320814,9.037360226,7.646295482,2.681216108,-1.501930502,-5.166023166,-1.247104247,-0.156888943,-0.571629661,-0.163099144,-1.414099289
R_1rpu1NXhm9OsiVT,315,6,3,6,Black / African American,Woman,6,10,0,1,Text,5,51,33,44,54.5019305,34.16602317,24.24710425,7.791505792,9.57320814,9.037360226,7.646295482,2.681216108,-3.501930502,-1.166023166,19.75289575,-0.365805324,-0.129022539,2.583328855,-1.041134202
R_2ck2LLHaCdTACzX,319,7,1,7,White /European American,Woman,10,10,0,1,Text,5,64,47,25,54.5019305,34.16602317,24.24710425,7.791505792,9.57320814,9.037360226,7.646295482,2.681216108,9.498069498,12.83397683,0.752895753,0.992151153,1.420102387,0.098465427,-1.041134202
R_pz3Tfi5eCEwQMV3,327,3,6,3,White /European American,Woman,5,60,0,1,Text,11,51,27,33,54.5019305,34.16602317,24.24710425,7.791505792,9.57320814,9.037360226,7.646295482,2.681216108,-3.501930502,-7.166023166,8.752895753,-0.365805324,-0.792933222,1.144723713,1.196656323
R_3kH5xHmGAm0NRkd,329,6,2,7,White /European American,Man,7,10,0,1,Text,11,46,48,35,54.5019305,34.16602317,24.24710425,7.791505792,9.57320814,9.037360226,7.646295482,2.681216108,-8.501930502,13.83397683,10.75289575,-0.888096276,1.530754168,1.406288284,1.196656323
R_2aPhENOMi0c54VM,330,7,5,7,Black / African American,Woman,10,20,1,1,Text,5,75,44,41,54.5019305,34.16602317,24.24710425,7.791505792,9.57320814,9.037360226,7.646295482,2.681216108,20.4980695,9.833976834,16.75289575,2.141191249,1.088147046,2.190981998,-1.041134202
R_1rcrTwh0aLGbz7h,333,5,5,3,White /European American,Woman,7,20,0,0,Text,9,53,40,31,54.5019305,34.16602317,24.24710425,7.791505792,9.57320814,9.037360226,7.646295482,2.681216108,-1.501930502,5.833976834,6.752895753,-0.156888943,0.645539924,0.883159141,0.450726148
R_3kcVZk28Rg6Pu1T,341,5,5,7,White /European American,Woman,9,10,0,1,Text,11,70,34,14,54.5019305,34.16602317,24.24710425,7.791505792,9.57320814,9.037360226,7.646295482,2.681216108,15.4980695,-0.166023166,-10.24710425,1.618900297,-0.018370759,-1.340139715,1.196656323
R_UR6CDwInpkTO9pv,343,5,6,7,White /European American,Woman,7,5,0,0,Text,8,40,34,19,54.5019305,34.16602317,24.24710425,7.791505792,9.57320814,9.037360226,7.646295482,2.681216108,-14.5019305,-0.166023166,-5.247104247,-1.51484542,-0.018370759,-0.686228287,0.077761061
R_25LTdohoyON80RE,344,3,5,3,Hispanic/Latino/Latina/Latinx,Woman,4,180,1,0,Text,6,53,29,30,54.5019305,34.16602317,24.24710425,7.791505792,9.57320814,9.037360226,7.646295482,2.681216108,-1.501930502,-5.166023166,5.752895753,-0.156888943,-0.571629661,0.752376856,-0.668169114
R_p46Prs8gNnXFhux,348,5,5,6,White /European American,Woman,6,60,0,0,Text,10,51,32,20,54.5019305,34.16602317,24.24710425,7.791505792,9.57320814,9.037360226,7.646295482,2.681216108,-3.501930502,-2.166023166,-4.247104247,-0.365805324,-0.23967432,-0.555446001,0.823691236
